jointFR1,jointFR2,jointFR3,footFRx,footFRy,footFRz,jointMR1,jointMR2,jointMR3,footMRx,footMRy,footMRz,jointHR1,jointHR2,jointHR3,footHRx,footHRy,footHRz,
-0.076660272106218,0.44509629731366,-1.9417688024417,0.13574356016827,-0.19576583413407,0.3941837337361,-0.35697804209018,0.22167354430129,-1.766753646238,0.019230416600939,-0.13824515717561,0.39383548064237,-0.55492382094632,0.59325801475256,-1.8168388530499,-0.099443339720997,-0.1793471725184,0.39379724289,
-0.075272462149882,0.44560447006154,-1.937676904444,0.13566970203196,-0.19602982998668,0.39293290334779,-0.35661731058117,0.22455559940955,-1.7702865727085,0.019343775314507,-0.137601222338,0.39263152657155,-0.55113946890977,0.58192128202036,-1.8170785625896,-0.099020412290675,-0.17857374060482,0.39226678125499,
-0.074129443031889,0.44244877792089,-1.9337107680372,0.13546434618665,-0.19659629825853,0.39066656764093,-0.35232956935668,0.25652733995698,-1.7776778495484,0.019591773596431,-0.13614733575508,0.39056660340111,-0.54705467327717,0.58371384635507,-1.8193084937522,-0.098105477158365,-0.17696563471955,0.38950283663122,
-0.071211446191377,0.44799379569875,-1.9305202888023,0.13512279805701,-0.19695142029204,0.38739732227271,-0.34676527827799,0.23617914198746,-1.7886759265054,0.01993848526828,-0.13395310311813,0.38774536983704,-0.54443841903581,0.59070008623885,-1.8211126421691,-0.096516981020468,-0.17436126095748,0.38553927109388,
-0.072179315493543,0.45482388120359,-1.9282047768592,0.13463369999396,-0.19695279779515,0.38313173382811,-0.33847847112495,0.24696857603351,-1.8040216109928,0.020446112576116,-0.13080205205913,0.38425128713331,-0.54406505745595,0.55349527764455,-1.8232479970927,-0.0943008310916,-0.17091609974004,0.38052803219289,
-0.071248644221061,0.45466345261476,-1.9266350632545,0.13398923389469,-0.19646101799338,0.37787425045801,-0.33053311266178,0.26688217196089,-1.8225447309525,0.021089444349702,-0.12664278186164,0.38017288643302,-0.54382512852145,0.52192035747268,-1.8242363934574,-0.091472871268521,-0.16661637768149,0.37453968107186,
-0.058150259521322,0.45842261720467,-1.9260085923969,0.1332138400818,-0.19541981584724,0.3716454575411,-0.33184799771391,0.25434155901967,-1.8388213473278,0.02179171745708,-0.1216857491903,0.37563426314962,-0.54402793381313,0.47794588200727,-1.8249613244475,-0.088024012069711,-0.16139318135951,0.3676938967217,
-0.058631030481914,0.44800706718495,-1.9273647196639,0.13226408495203,-0.19353616508681,0.36443067368769,-0.32145516801981,0.28118331225311,-1.8504826761965,0.022457978328063,-0.11644628599888,0.37058054234812,-0.54659006709582,0.44154754466966,-1.8255828588141,-0.084065334910307,-0.15522235917649,0.3601162766024,
-0.039057846499296,0.47684017755999,-1.9313966745068,0.13114647205281,-0.19059991342473,0.35628286906448,-0.31428858299559,0.27428648889369,-1.862659905495,0.023213129205991,-0.110311432163,0.36531808662124,-0.54171921614628,0.46726805635361,-1.8249584119008,-0.079485368146465,-0.14802433674104,0.35195322951179,
-0.027299008663564,0.49507256264072,-1.9372115468745,0.12977764468936,-0.18664515588366,0.34734679071427,-0.29956211047775,0.21853193891895,-1.872494152707,0.023893056134901,-0.10378075531227,0.35975996616831,-0.53772719365062,0.40293208392735,-1.8192918130705,-0.074216254121288,-0.13969813039737,0.34339280738876,
-0.020872875522557,0.43104988576419,-1.942656278761,0.12810242481755,-0.18137057245082,0.33759441390509,-0.28535946641431,0.19085278946205,-1.8749203468129,0.024267637790392,-0.096861969453083,0.35415085825511,-0.5235537909743,0.34281127039462,-1.8167454774505,-0.068128514279217,-0.12998768358156,0.33463610791764,
-0.017678719522803,0.42231581024013,-1.9502030765787,0.12610354281962,-0.17499830341816,0.32724542692312,-0.27555732155722,0.15676822519117,-1.8801049839254,0.024278169239089,-0.090143534864948,0.34837701343688,-0.52396866961103,0.24952922129077,-1.8099715887796,-0.061558027601141,-0.11944999910928,0.32598115564959,
-0.00019605488082478,0.39855822475922,-1.9538307646392,0.12378560426404,-0.16754833730589,0.31643452956659,-0.21630346474328,0.16004542431498,-1.8874216958863,0.024256009291722,-0.083013759885761,0.34276560050588,-0.51983230753955,0.25445232239916,-1.8047967438847,-0.054132017362373,-0.10749425202716,0.31757217847413,
0.024102384308907,0.42368681564782,-1.9583170653727,0.12121100556274,-0.15899985311374,0.30528125164585,-0.19749151462997,0.17593531062839,-1.8889778036941,0.02407914710808,-0.075532303772399,0.33758502570712,-0.52597235115445,0.21486797593847,-1.8003450342964,-0.046088400114241,-0.094484761287264,0.30973159534966,
0.043363858036464,0.4560794888671,-1.9633016399847,0.1184718280594,-0.14929260967564,0.29391740394376,-0.20002780004841,0.13290405236036,-1.8899368078714,0.02396109018339,-0.068160782786011,0.33253341940261,-0.52220788980957,0.18979809853915,-1.7971245071348,-0.037424225901514,-0.080365299019688,0.3027008778113,
0.07462897264374,0.5029138198728,-1.9681373995035,0.11561814253752,-0.13821818464347,0.28272458876175,-0.14997664753873,0.14119546565934,-1.884347544916,0.023830135574159,-0.060457889440641,0.32798929381605,-0.52925030419635,0.12898609248424,-1.788756596763,-0.028064672688225,-0.065038934005587,0.2968312455675,
0.10390683239814,0.43146806820199,-1.9674678659426,0.11258177367342,-0.12643261298445,0.27187481124519,-0.071378550436682,0.11707523218816,-1.8887691998329,0.023492023372692,-0.052770963011541,0.32415727168312,-0.53800075845837,0.17322214068321,-1.7854891939715,-0.018311474123104,-0.048987820945314,0.29215882643667,
0.13452390021763,0.32160170283838,-1.9650769169302,0.10948811258614,-0.11321785857642,0.2614593409115,-0.035885188654584,0.077905428977403,-1.8916952737065,0.023485333943528,-0.044922111694787,0.32112807382553,-0.53493759899069,0.10739661086503,-1.7765180985137,-0.0081659788179359,-0.032154714269896,0.2890732175368,
0.15442281494261,0.29121051915617,-1.9629511487432,0.10646546689075,-0.098626182701917,0.25189490061306,0.039956207841344,0.10939145802389,-1.8921215819347,0.02338006641366,-0.037711161317777,0.31840405772818,-0.52752448675073,-0.028554605682074,-1.7718481893701,0.0023363356105418,-0.014595457059972,0.28777182614887,
0.16105298494777,0.37416587624588,-1.9602910657989,0.10344996496379,-0.08287677745647,0.24344472236407,0.041640900686949,0.081241383774687,-1.8901776301958,0.023616515956776,-0.030308718819689,0.31639850192475,-0.53180516251657,0.060650159681656,-1.767103362052,0.012981403697309,0.0033331341876748,0.28840682638323,
0.21638638751421,0.33501118857407,-1.9507368479488,0.10052770493467,-0.066381569299423,0.23607408593025,0.047330889729692,-0.0080010845604579,-1.8957557919693,0.024528316732287,-0.023363828597573,0.31481123610516,-0.50031232226512,0.11729794543237,-1.7658821705259,0.023829776402844,0.021690938182648,0.29147143044182,
0.31122778318775,0.25955266869694,-1.9416590697124,0.097588697163941,-0.048688900944686,0.23049623663412,0.10660340387186,-0.022087920751352,-1.9005142259688,0.025564652523425,-0.017097914695229,0.31329995448285,-0.53325913079344,-0.067336445873892,-1.7589673743234,0.035828013778812,0.039088407229195,0.29682221152601,
0.40549874309291,0.015319990909868,-1.9403629158879,0.094872835342325,-0.03092487613755,0.22581791080884,0.07082126983561,-0.11019875151332,-1.8961140179519,0.026514893923833,-0.01116026502314,0.3122025261739,-0.51668457460145,-0.12944044608328,-1.7584941424412,0.048172249905144,0.055952025618458,0.30433520880145,
0.42206517771681,-0.05633888361021,-1.9409911684953,0.092259778434398,-0.011737506765496,0.22352350262909,0.10321915832813,-0.022355652673808,-1.9015489780166,0.027288414573114,-0.0051675812309242,0.31212393986337,-0.51971187589285,-0.041963111464413,-1.7511046450688,0.060292434976266,0.072051286133314,0.31427763915277,
0.50464808618064,-0.02187775462103,-1.9496409812712,0.089726485557293,0.0083409190606627,0.22457821884125,0.14408896702738,-0.02330889745177,-1.9074223433166,0.028367829306276,0.0008136283886289,0.31271190661068,-0.42458850127782,-0.0023775419991696,-1.7560461066819,0.072238394415655,0.086611327550638,0.32626297961969,
0.59007980579733,-0.043083635760544,-1.9632416192953,0.087378321457182,0.028837747334481,0.22871189178821,0.15890002555057,0.016126133747099,-1.913984740977,0.029110803441059,0.0052384989007954,0.31276181860247,-0.42873884180496,-0.063693899791745,-1.7591983406637,0.083772542822924,0.099552103631277,0.33947201251931,
0.62375383867968,-0.096334612399057,-1.9964549910371,0.08528725586824,0.049374471007224,0.23734143430943,0.27434330734647,0.08314741140225,-1.9171305144939,0.030201206615115,0.0084722161146649,0.3121697418869,-0.32327495499822,-0.02437017424215,-1.7577198666825,0.094602605075822,0.11076302135634,0.35414489012633,
0.66345814523432,-0.18995542569358,-2.0721979459292,0.08333045634745,0.069376448293988,0.25398804693639,0.31069228507773,-0.021494821411922,-1.9137004852377,0.031741301594038,0.010450054902208,0.31085851019903,-0.41047121390481,-0.21448784001151,-1.7591396187292,0.10464267057517,0.11995930151296,0.3692625548984,
0.75359747673676,-0.2952976062392,-2.1487840648273,0.08251232546436,0.086818367182304,0.27787110721233,0.3220159303824,0.025591691070505,-1.9112697120824,0.032914925391019,0.012270891471583,0.31000122215086,-0.47205950643233,-0.56217262490113,-1.7548708516959,0.11454020633792,0.12637904001691,0.38463343122679,
0.71429360593172,-0.48916441942816,-2.2274991145139,0.082933936285886,0.10016367450858,0.30508186282544,0.31988873102373,0.077815149861368,-1.9163435643469,0.033775156772049,0.013172357914397,0.30930910540943,-0.47766984201724,-0.67706193179464,-1.8238472695133,0.12311157434181,0.12877857236603,0.40466246447664,
0.67040445972385,-0.63095582261347,-2.3119225574939,0.084538333160494,0.10837850686312,0.33543223564391,0.28701832273552,0.0131323685902,-1.9164252015928,0.034073414860946,0.013136620270828,0.308728495045,-0.48426238445266,-0.84728453529006,-1.8912815887346,0.12821299035805,0.12733372533633,0.43041801453298,
0.82692078851456,-0.60478056850196,-2.397652747978,0.087444457744134,0.11030442612297,0.36611253101752,0.29404368030779,0.064863335421171,-1.9144491333366,0.033742230567594,0.011958122321219,0.30774517783884,-0.48210734356471,-0.96796120046221,-1.9465449466553,0.13121131297263,0.12338596511979,0.45519513925406,
0.9845101081791,-0.61055113689723,-2.4498031163006,0.090578397744961,0.10733203604522,0.39239299460824,0.31226771908563,0.069113106902228,-1.9022005625081,0.032909601117626,0.0095136536310284,0.30637201717436,-0.48638182517532,-1.0170891736494,-1.9957384028988,0.13250796030973,0.11803945902251,0.47752120357634,
1.0260311748769,-0.64896513544713,-2.5267509240253,0.092416706725913,0.10067185098322,0.41391985924117,0.31508826620856,0.11931719248718,-1.9083621772501,0.031958701718794,0.0060668447219512,0.30468421598276,-0.49908365522382,-1.2154468002584,-2.036075662921,0.13274509682296,0.11197899096628,0.49659881084698,
0.98468692967878,-0.84254898521577,-2.5782553195999,0.095348751815709,0.087966607391156,0.43291337158567,0.26200742064376,0.014343060094658,-1.9004405684911,0.030395176968188,0.0016662142996782,0.30316383105361,-0.51837321193821,-1.1925939798043,-2.0654628974532,0.13239307435682,0.10567735243914,0.51276024136042,
1.0759622946274,-0.83493426264239,-2.6608220431787,0.10117687992647,0.076499543743021,0.44105476988793,0.26678156086966,-0.071738159660124,-1.8996012057325,0.028778755021172,-0.0029398888323229,0.30213411208241,-0.50552827385192,-1.3939499445194,-2.0840348612874,0.13120543720537,0.10173807449717,0.52368218669566,
1.0248863662308,-0.93545958910188,-2.7446905533369,0.10507582827259,0.059971832203702,0.44651797879924,0.15075116657396,-0.04131661627861,-1.9010524126806,0.026531808909713,-0.0070761955463375,0.30235436494635,-0.49402812237452,-1.3622155829719,-2.0951361692053,0.12793762480341,0.10136130434134,0.5296051875096,
0.94038805124215,-1.0050590547298,-2.8280762851707,0.10740391744534,0.041778818510769,0.45042890042253,0.17238614773094,-0.012646468335404,-1.8969686740839,0.024152294796155,-0.011310988962779,0.30327208076119,-0.565839046337,-1.3375042097709,-2.1578863324912,0.12221368108576,0.10001612203682,0.53603950016624,
0.99218861854841,-1.007699224257,-2.911855200391,0.10992319879621,0.022647722917876,0.4534067882933,0.2137211147926,-0.039649029458836,-1.897794791921,0.021239357377556,-0.015684731177843,0.30446305049494,-0.64129856417709,-1.4039799755031,-2.2078240643568,0.11320713827128,0.097224568982516,0.54375176941786,
1.0687850808777,-1.1473722684236,-2.9448163603505,0.11362670166319,0.0094793432303044,0.45583575166712,0.17913883745488,-0.011724622428287,-1.9020394049887,0.018532099470784,-0.01997087264018,0.30592655060889,-0.7092991624898,-1.4149629340219,-2.2523230467407,0.10541495156001,0.093949514085219,0.55060503772331,
1.1877561868163,-1.1766950842326,-3.0314086976069,0.12028025397842,-0.00088623120568591,0.45725025874905,0.14246296330243,-0.047189518576219,-1.9031376109231,0.016144721341317,-0.024759794037562,0.30720077374059,-0.62955776397698,-1.400268203829,-2.273605784963,0.10036882761265,0.090542267710772,0.55556335747694,
1.1509130119487,-1.2684196093095,-2.9510286381814,0.12560486879806,-0.0081175845485293,0.45834147285794,0.13320092608485,0.065549503715436,-1.9030550765049,0.014078117189129,-0.029558796292239,0.30864405467776,-0.69803441837317,-1.4644268479352,-2.3063626014465,0.09739019167132,0.08705429546197,0.55908409391534,
1.2137702928469,-1.3208889702434,-3.0178587939612,0.12435922074361,-0.007385409500187,0.46054145728271,0.12504198364164,0.046849184482032,-1.9090315062286,0.012103738211673,-0.034508347343122,0.31002959060481,-0.66708080526542,-1.4127714257772,-2.3186179212293,0.095436478730114,0.08340199436697,0.56190773906884,
1.2857746453961,-1.3637185237736,-3.0068854208219,0.13218801079708,-0.010152183399518,0.46013526945689,0.13470662408146,0.070598857761429,-1.9074871281056,0.010470716007086,-0.039803063168829,0.31124518421536,-0.73311317841403,-1.4676998567201,-2.3376180270294,0.094255066902723,0.080134724896181,0.56401154083235,
1.3436895114976,-1.4005650045523,-3.0261765091175,0.13305013063172,-0.010251863447717,0.46127013944779,0.12753634142386,0.0027719425942063,-1.9061468666273,0.0090739441004205,-0.045050345794745,0.31242515040181,-0.67243566467068,-1.4689366055773,-2.3454381459718,0.092922318897871,0.076918989180242,0.56562432667965,
1.4194539653121,-1.5421518150553,-3.064336548891,0.13293470189032,-0.010312023972396,0.46311319616915,0.07918213581181,-0.03868873667554,-1.9060874999489,0.0078936439455143,-0.049170068147156,0.31437161159794,-0.67606189130762,-1.4294493267893,-2.3508652049242,0.093211125233676,0.074672405549388,0.56567000919088,
1.4096557412053,-1.6765849536375,-3.0893040692829,0.1366137048254,-0.011100133578591,0.46322755726681,0.019887751475542,0.022258919185412,-1.9091433334948,0.0069747627659129,-0.053058856728916,0.31642087366374,-0.67468355397368,-1.5102829500912,-2.353293613296,0.094104063296282,0.073398944675354,0.56426026861588,
1.3688115344872,-1.5672340440737,-3.0851292913994,0.14029456506156,-0.011297237104631,0.46407091547573,0.029477077758834,0.11689552148737,-1.9080842371712,0.0059875758788129,-0.057076080634234,0.31812665914854,-0.66939788393138,-1.5086192271138,-2.3552848320515,0.095257576900764,0.072634178242309,0.56192300286453,
1.4350868488411,-1.6220812863058,-3.0163995853837,0.13790147325891,-0.0096366305524886,0.46730327440111,0.05543449239349,0.17459591780814,-1.9102755833853,0.0053965517290555,-0.060394360349199,0.31996293889933,-0.64719698988849,-1.4880979062214,-2.3557724604158,0.096433370626959,0.072220286475654,0.55875586116174,
1.4400286379533,-1.5659030553533,-2.9643979646882,0.13126652717586,-0.0069963455189413,0.47227988892468,0.050237629352645,0.20814785726768,-1.9013229079556,0.0053177834171367,-0.064451053206478,0.32111412815173,-0.63108683932627,-1.4645008966041,-2.3536189902764,0.097891560002434,0.072075067092977,0.55458215880147,
1.4522528612045,-1.5865685670263,-3.0456036811426,0.13323048780298,-0.0077133959217678,0.47287368096232,0.013540082707381,0.12760550231626,-1.9011518689382,0.0055252551546841,-0.068780397057403,0.32187522678587,-0.70889070019371,-1.4175888295434,-2.3685123820067,0.098655700852745,0.071651397348756,0.55013729002588,
1.4143642004657,-1.6203367000922,-3.0521645543065,0.14089138394733,-0.010057619110241,0.47058056137041,0.0016035790897644,0.21485685111608,-1.9059188988787,0.0060774399043431,-0.072720922288783,0.32287774162425,-0.66298927332099,-1.3733707950909,-2.3666993625136,0.098961705303086,0.071098691233821,0.54520026603991,
1.4246939292441,-1.6371826149427,-3.0612552984668,0.14285426037328,-0.010880625901536,0.47119497878653,0.0042255128692532,0.34661582131292,-1.906191935061,0.0068069093442382,-0.076180939323596,0.32405924843313,-0.60970336800386,-1.3454009276839,-2.3634396584609,0.10074923965521,0.070458108393999,0.53937256590221,
1.5099555546088,-1.6413105169947,-3.0548432233075,0.14549865807025,-0.012298166726801,0.47114821117029,0.030784847733084,0.29404382971471,-1.9103257305741,0.0077055631050366,-0.079511436945191,0.32523116951764,-0.69503788593893,-1.3202932799637,-2.3762725089436,0.1020993407021,0.06943748338818,0.53330772666527,
1.5363186473236,-1.6183986152904,-3.0866412135984,0.14479699647218,-0.01337618260676,0.47330066058187,0.0045477594951651,0.31133543345885,-1.90940972331,0.0085136233453941,-0.082832578430165,0.32643412379053,-0.66343772531816,-1.2980007447773,-2.3724465760977,0.10287025402434,0.067826376417856,0.5273156900946,
1.4125172752921,-1.5176496915875,-3.0051376793584,0.13945432563263,-0.014552427627675,0.47793421881601,0.015621176680492,0.39138302461443,-1.9085376319286,0.0094992401116923,-0.085383335252861,0.32780889320105,-0.59289538411314,-1.2503890216149,-2.3696221040307,0.10510447567123,0.065863277156083,0.52065078749622,
1.3109586880698,-1.5023549930026,-3.0924055183292,0.13750917496084,-0.015726801808403,0.48007067832169,0.049872624771519,0.37251418872328,-1.9108184603425,0.010593316816159,-0.0879734205897,0.32911998752727,-0.67910744312618,-1.189964635351,-2.3817013725238,0.10677844872824,0.063298229228322,0.5141795632922,
1.3390704864759,-1.5371566733636,-3.0828111098068,0.14750007270823,-0.018076230535636,0.47720750533553,0.0054976867223426,0.44008681064715,-1.9116464357373,0.011856360754918,-0.090742071845834,0.33033043585618,-0.70452299466732,-1.1111728897651,-2.3737462695836,0.10785841086418,0.060582201675018,0.5075413861064,
1.3521656342155,-1.5474712206023,-3.0530975243213,0.14545485546507,-0.019379112799605,0.47875277792903,-0.013275007374644,0.41224315323301,-1.9101096726116,0.013351924948312,-0.093578446374937,0.33145265655667,-0.67107509173276,-1.0597970552695,-2.3628336140145,0.10976598167521,0.058888030317016,0.49848315010257,
1.3370105900023,-1.6001689939598,-3.0370355900506,0.14380338377155,-0.020687967106359,0.47993579059794,-0.013618921835775,0.42881263235154,-1.9076639788858,0.014712155710343,-0.096483429335252,0.33261149655973,-0.67759184432458,-0.92389358281118,-2.3493644202423,0.11067144250944,0.057800597420408,0.48876983308912,
1.4315665443157,-1.6095548636041,-3.0844021540279,0.14110229353529,-0.021614732193532,0.48160330775607,0.0080218283436944,0.39707708460663,-1.9110174567718,0.016014501255971,-0.099098447132777,0.33395147130356,-0.61356507695858,-0.84887917402364,-2.341494833936,0.11037200200321,0.057203894636638,0.47875193957214,
1.3707294379804,-1.5821348642453,-3.0020752110918,0.13688062609334,-0.022544107267958,0.48282118600091,-0.023475994366634,0.39803986989401,-1.9145369929906,0.017558419832314,-0.10233153268339,0.33492960732744,-0.53164316742861,-0.86280936393649,-2.3326907911902,0.10900162040751,0.057070177106516,0.46855155942504,
1.379566438187,-1.5546178925292,-3.0349353282229,0.13392409171377,-0.022732768306809,0.48327540137758,0.003669131596379,0.46165208584835,-1.9120220329127,0.019109131788575,-0.1057464273394,0.33560852701053,-0.60999008467239,-0.74416935498356,-2.3429452228168,0.10553511902714,0.05699568289083,0.46017646789421,
1.3606661581085,-1.5138609808344,-3.0194871335935,0.13336376955655,-0.0242593770881,0.48272184384289,0.0010601384695073,0.46445760506273,-1.9105519123413,0.020602349557782,-0.10904378900216,0.33610811048398,-0.65521910978039,-0.68294943347908,-2.3324521329685,0.10111702040492,0.056933936928825,0.45292560480784,
1.3626190127801,-1.5605742216469,-3.068808512586,0.13042531439687,-0.025001079308789,0.4823291735696,0.020994263359551,0.40353410292589,-1.9046973776855,0.021825385776525,-0.11258871781605,0.33666359502687,-0.64947747731864,-0.61779258280509,-2.3218362003403,0.096852220062418,0.057607939737174,0.44377244882914,
1.4495521775471,-1.5879162819305,-3.082091760401,0.12882058408339,-0.026709212632332,0.48177072547842,0.030409736590707,0.47928560606956,-1.8948735537624,0.022835133230501,-0.11519453666103,0.33727488186341,-0.67236294203187,-0.52137855934081,-2.3146190272329,0.091539476811106,0.058491444608444,0.43506517554738,
1.5257283946845,-1.5454819473342,-3.0776609616323,0.12720809521958,-0.028773741658929,0.48090461510382,0.010515109541941,0.44192271989652,-1.8865057930683,0.023955947863275,-0.11788858493137,0.33762090935756,-0.64070149437079,-0.51295327633684,-2.3079558032482,0.085307607298358,0.059327496885348,0.42668862494285,
1.4388834396754,-1.4079910712313,-2.996571145415,0.12187162132613,-0.028818409868775,0.4794267038692,-0.0089021891076091,0.41057044898041,-1.8827215587596,0.025416855016499,-0.12019736045711,0.33780857317886,-0.59538735691652,-0.41196253211089,-2.3009135835362,0.07835332290881,0.060246031110476,0.41909655867992,
1.4481624207517,-1.3225574547742,-2.9285765792059,0.10885473965773,-0.026096917341754,0.47588524786627,0.026348286938275,0.42147434374493,-1.8747857189446,0.026544483000384,-0.12217888908123,0.33800824198598,-0.60487290458834,-0.34978215766886,-2.2933167009355,0.070706699271968,0.061033264355052,0.41185628869165,
1.4125399286591,-1.2155794879575,-2.9623800368652,0.10706284429668,-0.02858486076375,0.47464171682106,0.044714208507123,0.33996429048872,-1.8665137467742,0.027890043129775,-0.1244194081225,0.33781641605605,-0.59852800130111,-0.41159629874605,-2.2462273972917,0.062755450719837,0.062035238695511,0.40303177994022,
1.3903040514952,-1.2590827304982,-2.8814002780106,0.10460428262896,-0.028463552329122,0.47186649282327,0.082237905036474,0.34408377418292,-1.8597353625311,0.029096400727686,-0.12603887704671,0.33742490762153,-0.61470263050695,-0.40118369339147,-2.2043805608043,0.054475838576846,0.062492160355153,0.39085846190257,
1.3672442432954,-1.2232608899191,-2.8044411813113,0.091426030053187,-0.032804415751215,0.46809610624849,0.076520404618114,0.33556780677131,-1.8519060896982,0.030264950396688,-0.12694296876176,0.3368453251269,-0.60356809781685,-0.39524905628909,-2.171001971315,0.045878076816869,0.062028230808291,0.3798693378621,
1.4171644575466,-1.155451757949,-2.730687112237,0.074942987205314,-0.033455572683693,0.45940228529878,0.07200331747935,0.37099560052321,-1.8460363895927,0.031736524680683,-0.12753445131407,0.33580171601991,-0.58271927880697,-0.32105612764733,-2.1403557969826,0.037338693887294,0.061004922476164,0.37050188610414,
1.371110035182,-1.0520570930021,-2.7410567696633,0.067012287746071,-0.032114974814246,0.45204268398384,0.094030145690215,0.34490382911783,-1.8398569866225,0.032846508975919,-0.12773420923545,0.3345543832554,-0.5478819115267,-0.11981020354596,-2.184515909334,0.02968877224934,0.059824313113625,0.36710710743644,
1.3403993088316,-1.0911687686072,-2.7633509247742,0.069287928156942,-0.029024655689286,0.44990131415901,0.12164600040596,0.28107555237474,-1.8310053455847,0.033812494957154,-0.12720355402432,0.33327794457271,-0.54697424996134,-0.19836708980423,-2.1547044476835,0.023006511006078,0.059450296293506,0.36695699392058,
1.3636297686672,-0.9543388778057,-2.8379928860812,0.076528073653509,-0.025280097319894,0.45193637623225,0.11586624451275,0.33645876099288,-1.8260069830625,0.03493815770514,-0.12635433137251,0.33160869241071,-0.52143603167342,-0.19588728456771,-2.1110705896217,0.015699712527263,0.058641331061579,0.36099226633247,
1.4370135705781,-0.96825597862739,-2.8274723869038,0.083287440699085,-0.024367461746276,0.45438983967419,0.12823732758473,0.34963983359131,-1.8172778881441,0.035962950316758,-0.12479009210884,0.32975636117757,-0.48759325671526,-0.30152972618892,-2.1524086635747,0.0091803840532972,0.057577284232423,0.3586263200806,
1.347604345225,-1.0257744607652,-2.8966195553409,0.08591774005011,-0.026097663964454,0.45432764249717,0.16368853954766,0.42071315345565,-1.8092057441348,0.036983223512616,-0.12270797379161,0.32775315371378,-0.51130419961313,-0.30876272291265,-2.1264062388829,0.0042912544525426,0.057651871923766,0.36077099008727,
1.4144838344492,-0.90717000395571,-2.9799060117453,0.099874063840995,-0.029648846446768,0.459113319059,0.18223142712372,0.3531200641381,-1.8015929718813,0.037696259008587,-0.12106306282563,0.3256568062586,-0.48058225135012,-0.22235837914559,-2.1822023831441,-0.00010584090397879,0.05776545352289,0.36219414043532,
1.4496685712897,-0.88717939216526,-3.0188582369954,0.11630009065221,-0.030178576106204,0.46404602301762,0.2031225134491,0.34747859195333,-1.7961693295262,0.038461277398055,-0.11881556088914,0.32347711108163,-0.45463958714777,-0.30695714145303,-2.152278972427,-0.0034867287485859,0.058330814820925,0.36527349039319,
1.4389927171692,-0.86116087168341,-2.9956268723512,0.11539176739364,-0.029678116663427,0.46339965592227,0.20764227354193,0.40432817432924,-1.7893420317276,0.039124247957287,-0.11634562223519,0.32118415937918,-0.45306753396111,-0.35129045313068,-2.1227538556043,-0.0081028504978937,0.058284514998767,0.36252899371271,
1.3748346481484,-0.77762155400238,-2.9169618203497,0.10578945821675,-0.025758208838733,0.46028882186824,0.21320449439399,0.37417608104553,-1.7788253856715,0.039739246402647,-0.11343169298089,0.31872815951158,-0.47163362271935,-0.2986144362783,-2.0977523130241,-0.012447753643281,0.057652270473551,0.35868118150475,
1.4479864880424,-0.79248504534922,-2.9748326476394,0.10044654840071,-0.022771733407721,0.45773642828779,0.20280155742747,0.40020936944153,-1.7694406922013,0.040142171110278,-0.109930679765,0.31645043801303,-0.45339910336852,-0.17282927655701,-2.1533273100862,-0.01468556077249,0.05743877306352,0.35909281651442,
1.5128893069252,-0.70341172785035,-3.0369644273731,0.11405797151185,-0.022859280106882,0.46215847445665,0.21972829877699,0.35709218697092,-1.7606837695938,0.040096096544236,-0.10643972835303,0.31434283356816,-0.43426924013352,-0.24228318820959,-2.1276285386392,-0.015366978884866,0.058077071745783,0.36169463761013,
1.52396500466,-0.60247284675153,-3.0643368742284,0.11663540428171,-0.023995655531733,0.46226539469411,0.19941131823484,0.29105258991016,-1.7479477059558,0.040088128572018,-0.10317201694248,0.31226481439011,-0.42629207522295,-0.16699066115425,-2.1019821880466,-0.017059934678703,0.057970141798021,0.35851771057987,
1.5344528013128,-0.5900955554187,-3.0264530280318,0.11592623291768,-0.023508333466125,0.46121053574826,0.16513817303997,0.29858917598335,-1.7396861780351,0.040314639251092,-0.099607434456004,0.30995369450249,-0.45869051921619,-0.2165717563803,-2.080364929739,-0.018276199649561,0.057433885502798,0.35440797038021,
1.4863086602827,-0.59969337832389,-2.9497074519494,0.10692700364202,-0.021986962136176,0.45780375487133,0.18370970557384,0.25668962866407,-1.7305734217029,0.040362537728748,-0.095999742805423,0.30788881740819,-0.42569109563549,-0.28619307162378,-2.0607765794828,-0.018697275026627,0.056828813711655,0.35025951885196,
1.5291648358332,-0.52516936817117,-3.0067700245719,0.10406412732778,-0.019396171438159,0.4560680024614,0.22465392708919,0.31234307012531,-1.7198112864158,0.040043169554091,-0.09227460726081,0.3060243034983,-0.35112818211273,-0.23491576505586,-2.1186343095661,-0.017094035555292,0.057258766564762,0.35084988693457,
1.5519451191112,-0.66730288058739,-3.0132858091173,0.1123778091438,-0.016869431958792,0.4589208824244,0.20990428109683,0.20534234595439,-1.7118048399144,0.039936563696536,-0.088684623434058,0.30409171739437,-0.35982285897672,-0.2243497981153,-2.0954348588189,-0.01372285859721,0.059290241327675,0.3550634737547,
1.5087668914239,-0.71074391741889,-3.0472301828944,0.11953411749429,-0.015140650264639,0.46157836664487,0.19505479484549,0.2336771385376,-1.7072000597722,0.040004705401834,-0.084714292735908,0.30222265708179,-0.33589449436051,-0.22501470935709,-2.0700155990532,-0.011236624078245,0.06047076577102,0.35340509136075,
1.4584342596315,-0.68695907849653,-3.0242117519568,0.11875162164577,-0.014180231689958,0.46141455985329,0.23342654249393,0.22364474821825,-1.6973023084681,0.040120905653498,-0.081167408732892,0.30034750942408,-0.34206908761159,-0.19279739803371,-2.0526661109257,-0.0083074151465895,0.061453594660201,0.35106618347906,
1.4718866593194,-0.65152471533534,-3.0299887997624,0.11965122721198,-0.013465201428531,0.46202085123854,0.22857771912667,0.21909293449643,-1.6828798488693,0.040213683316683,-0.077998275017727,0.29846765010425,-0.30946090560524,-0.064037345306197,-2.1257555593486,-0.0040610083934414,0.063021575273493,0.35305601625519,
1.389145373792,-0.64925860836902,-2.9517428761576,0.1144946200433,-0.012513502148228,0.45983444145825,0.25248068137814,0.12883369093233,-1.6701881379685,0.040183414456731,-0.074359134638544,0.29689764003321,-0.26446178675196,-0.16563074221504,-2.080930927679,0.00093772229878125,0.065611355476803,0.35725594705612,
1.3784511690575,-0.56134090532853,-3.010672184528,0.11061871821966,-0.013036289391145,0.45812742605538,0.27292521009945,0.21416223370884,-1.6604918473226,0.040022183052512,-0.071131732991705,0.29538997143342,-0.24931416585018,-0.17356990651112,-2.0402157364309,0.0049498772177999,0.067101462743222,0.3537118129086,
1.4489440965412,-0.52128639051059,-3.0647531518752,0.12365228059508,-0.011044883409987,0.46372344900128,0.28412799587096,0.13469101899128,-1.655765073824,0.039753100613062,-0.067937644687493,0.29413891510196,-0.24060094407355,-0.26260523075829,-1.988486279982,0.008688996789601,0.067930922152734,0.34763113705664,
1.5057797893032,-0.37374988732744,-3.0720538084863,0.12482856912851,-0.011370975240007,0.46385031457656,0.27428326941632,0.16525674893665,-1.6499571441998,0.03962628266654,-0.064379293773949,0.29320083378591,-0.23275589383003,-0.29099915493978,-1.9465282145574,0.014388898895833,0.068826797581389,0.34181906556258,
1.4056237212207,-0.24579010870165,-3.1020592439109,0.12519442676598,-0.012431804268001,0.46344379189511,0.29164763136824,0.17279512530661,-1.64886918677,0.039648689019944,-0.061220597101906,0.29227887740952,-0.20666724265108,-0.20300304457596,-1.9068301641598,0.022070675029086,0.069852739732381,0.33716895409293,
1.371163760291,-0.35054330523387,-3.078768143937,0.12492178408888,-0.013855053643186,0.46306705600688,0.30280522305044,0.17011698314921,-1.6399959909743,0.040065669978032,-0.058877698739512,0.29123336928537,-0.20055695778156,-0.27428865278588,-1.8703293928935,0.030409289261331,0.070805392245475,0.33260150249035,
1.4377407209157,-0.43888329024203,-2.9966172132888,0.1177075631867,-0.011822677174524,0.45971197425161,0.31177747303405,0.19187461535782,-1.6357428608697,0.040572986008969,-0.056623102312906,0.29029824531441,-0.19926170797835,-0.50560760608376,-1.8380902008328,0.039049482707526,0.07172655454744,0.32870185295308,
1.3809791895262,-0.55141995490768,-2.9982590825111,0.10963678917683,-0.0098720508622924,0.45472860204011,0.28948797073974,0.078278289581152,-1.6309085520714,0.041228162840995,-0.055493979319574,0.28924426366546,-0.19752518522176,-0.41181312452638,-1.8054804598467,0.047452528742176,0.073047790514988,0.32635345568578,
1.351645363163,-0.61849314243782,-2.9268782973092,0.10514926109596,-0.0072460897847252,0.45179234210808,0.30802627348591,-0.00013055874591172,-1.6273656860449,0.041769261181488,-0.054278000455972,0.28826324285624,-0.19637925112611,-0.50207066650075,-1.7829718847409,0.055325675682424,0.074735454660253,0.32553819244249,
1.3404981106844,-0.51623432821918,-2.9921239656878,0.10213668698256,-0.0048715562232445,0.44947900654002,0.27991480560025,-0.028495134998999,-1.6183644266563,0.042073939523695,-0.052590868919502,0.28777841681316,-0.20528408738286,-0.68192593335789,-1.7665457843568,0.062665266900293,0.076454962474209,0.32539720756633,
1.2828864276116,-0.50051119860158,-3.0718284278893,0.11173434163873,-0.0094094394061074,0.45414836739874,0.24931939282147,-0.08257192104909,-1.6099526153322,0.042306322782542,-0.051581569440856,0.28708057487868,-0.19928139456193,-0.81646702996747,-1.749685701407,0.069413664513318,0.078631931106898,0.32669047926933,
1.2815933099459,-0.36278838859444,-3.099099934882,0.12186303419088,-0.013264532909978,0.4605406565435,0.26286073824707,-0.10376023089371,-1.6017874650782,0.042674049645065,-0.050129159912638,0.28668442577836,-0.18413929121978,-0.9457682311255,-1.6696169074557,0.076028225176462,0.08054835114484,0.32541699517664,
1.2662943217278,-0.4520821751066,-3.1382742103043,0.12840090228395,-0.019121304561732,0.4641044281447,0.26276973376102,-0.042401605818034,-1.594181632467,0.042439836727278,-0.048928438498316,0.28621321719025,-0.21381592613422,-0.92506997738027,-1.5872013895444,0.084425262076623,0.082055997101332,0.32077955866203,
1.4123031551365,-0.5566650851733,-3.0623448349132,0.12640224921017,-0.019305051423277,0.4632248201065,0.26678239550792,-0.16491069188448,-1.5899321161802,0.042330777980754,-0.048256992969285,0.28558417522971,-0.20664900503466,-0.9883813553063,-1.4995574441775,0.093335905338651,0.083449788429761,0.31539774479003,
1.3998537619781,-0.40554717861417,-3.119090803946,0.12343542452362,-0.013941217918418,0.46242254336522,0.22390484229916,-0.17486986320345,-1.5740667624934,0.041981933297417,-0.047567315683855,0.28498553410437,-0.22611776097821,-0.95929320690855,-1.412199255556,0.10230031407969,0.084663447649696,0.30935900119429,
1.3726265041069,-0.43288001036743,-3.0513679976393,0.12418683159857,-0.01518874576554,0.46275051967834,0.30642259583781,-0.083405328965481,-1.5708059419028,0.041280665085516,-0.046826729240731,0.28466187894576,-0.23479327646925,-1.0822690492027,-1.3241458545476,0.11104489656356,0.085717355590756,0.30296431327336,
1.2773142418002,-0.443860285457,-3.100227108648,0.12003992180792,-0.012857339867268,0.4604053958352,0.34399882812608,-0.12564446371609,-1.561786990235,0.040598313349427,-0.045911384553024,0.28452894459574,-0.26665616315095,-1.0085035938164,-1.2381523699384,0.11928932956113,0.086645132640808,0.29628858627294,
1.2749179191363,-0.52021797386663,3.1083675486952,0.12512462346764,-0.0178611628387,0.4635807735457,0.3185033683896,-0.14230406347807,-1.5591680995405,0.039984023982024,-0.045234495022903,0.28432717933548,-0.25384985823942,-1.0889516658864,-1.1483415710053,0.12682309736752,0.087274320555661,0.28945158025373,
1.2431881054184,-0.56176539784957,3.0273143095476,0.13434237849513,-0.025398282973137,0.4684606657116,0.2679260318905,-0.14305074830681,-1.5590230835015,0.039647364081507,-0.044708568488367,0.2840968783392,-0.23277097671702,-0.99785665701653,-1.0574904755346,0.13326984518148,0.087677067077318,0.2825060164312,
1.175712883631,-0.71806141932938,3.0937424939621,0.14161318403581,-0.026069532859861,0.4727504294971,0.22673694222436,-0.20737924875024,-1.5533280966042,0.039127218132005,-0.044270399624358,0.28400443324787,-0.18212478198668,-1.015895999861,-0.97076551033397,0.13840119530477,0.087716274209054,0.27551801736191,
1.2370072340962,-0.76374087863056,3.0402294964444,0.14268950913555,-0.021076228976596,0.47494492513559,0.23639936944101,-0.29072958830936,-1.5509038106121,0.038054783646424,-0.043894177489974,0.28406137273476,-0.18654118772073,-0.99609969397276,-0.88236356200145,0.1421910747391,0.087411046160411,0.26830101314602,
1.3156075456321,-0.85232352754777,3.0488415434198,0.15176669237089,-0.02045167137297,0.47877570712484,0.22670734858654,-0.36729056001203,-1.5449444056206,0.036865332685324,-0.04329135426738,0.2841067774668,-0.26547226844574,-1.1032234110731,-0.79372754063215,0.14468695544444,0.086740227789412,0.26090157753662,
1.3488298088306,-0.78803518165003,3.0743269508149,0.1503676903211,-0.01770463405529,0.47824211026754,0.2141747544734,-0.41868750866071,-1.536414962875,0.035205071936016,-0.04279573990033,0.28410129322886,-0.24029754625821,-1.1800441949073,-0.70785704270805,0.14579961219568,0.085579715325776,0.25334838600196,
1.3383371037372,-0.86697419951907,3.1177986825742,0.14908499710038,-0.017003302829921,0.47742191795969,0.19673359194205,-0.36733077885652,-1.5252567470391,0.033401112397708,-0.042114431938804,0.28398873503052,-0.22226015131255,-1.1333089126204,-0.62005017275968,0.14547819615078,0.084226702624283,0.24632280713287,
1.2800199620353,-0.92084811765093,3.1047633198421,0.14794558250887,-0.017767384770436,0.47689062757893,0.1644312248651,-0.36424149371934,-1.5155064103322,0.031515410373247,-0.041766438793636,0.28347198919454,-0.22216975762344,-1.2117296090928,-0.53278010150483,0.14327204393194,0.082574299727954,0.23931037724665,
1.2958957454908,-1.0051755942803,3.0356901638256,0.1532152359844,-0.020190590814905,0.47771018093056,0.16552072137618,-0.35391860180246,-1.5125906648783,0.029783241258606,-0.041663168873473,0.2827424368605,-0.1263568637803,-1.1573905396944,-0.6169377864956,0.13979936499362,0.084431562179937,0.23707024160372,
1.2478304327548,-0.98916465785675,3.0998164660641,0.15778765855454,-0.02109090499791,0.47768074249675,0.16932314854895,-0.38418523134907,-1.5033440857911,0.028201179764251,-0.04154076156252,0.28176625775434,-0.16342611176861,-1.3690007525419,-0.53282655939659,0.13487574800519,0.08661119805503,0.23604237782659,
1.1654739179342,-1.1058288411661,3.1046833411672,0.14930453760095,-0.020080663449501,0.47537459592272,0.15898170130925,-0.3871868491662,-1.5016815983511,0.026393658179939,-0.041363828150513,0.28091349338029,-0.091665880041824,-1.2243702030706,-0.61849740282258,0.12943323955665,0.087792851228588,0.23414231418379,
1.0702321112348,-1.2286173937818,3.1003024917161,0.14867326631713,-0.022154618478827,0.47547553030463,0.13097247262708,-0.38966255215021,-1.4915820766825,0.024444801151196,-0.041260661807419,0.2799591271387,-0.073499961551679,-1.3325156878464,-0.53344898931233,0.12278881943915,0.089039845563001,0.23289236597398,
1.0672302003128,-1.1811030985952,3.0269022328301,0.15622117408714,-0.026272423348469,0.47595671886028,0.15958962846512,-0.40492232264878,-1.4835602771641,0.022377622118916,-0.040549204423192,0.27941117111155,-0.029445755764554,-1.4582677536243,-0.44643364841592,0.11531133558211,0.085013561883071,0.2254006410769,
1.133108880332,-1.2477224143566,2.9811967333668,0.17103716436268,-0.032781303466754,0.47354277533118,0.1924822218209,-0.31168920709513,-1.481323928739,0.02022340051284,-0.039843596108082,0.27909362186538,0.041428803029306,-1.3825535623804,-0.5294082029714,0.10671642338792,0.084597897438592,0.22180544832396,
1.138154861061,-1.2239518215817,2.9009733623742,0.18474192400447,-0.037329672881977,0.46857623833876,0.16967305552679,-0.37560656751289,-1.4757792009576,0.018471801233243,-0.039764162905973,0.27807376589691,0.11454617097114,-1.2675642948815,-0.61538029674497,0.09745730195618,0.088302929681604,0.22365597263325,
1.1116057777434,-1.2012760151876,2.8128142495197,0.20102017779414,-0.04488500020816,0.45970529754128,0.15546047845892,-0.30709247080802,-1.4643120268472,0.016658973594645,-0.039672734134887,0.27709093527363,0.14004629769534,-1.3543837914503,-0.52970536981698,0.088020807087543,0.087214051891074,0.22137694876465,
1.0638879591621,-1.1161521272298,2.7253084826023,0.21581133417181,-0.053163864217678,0.44779012837207,0.12834977200758,-0.25194680665075,-1.4578159676785,0.014509342608518,-0.039126163342726,0.27696088952936,0.23291933877013,-1.2700804865824,-0.61424011011506,0.078001579497062,0.084839911623004,0.21741596788977,
1.1229100978373,-1.1580263701002,2.6363641954341,0.22827991006009,-0.06098302503632,0.43351380876432,0.15711334781327,-0.20690807789535,-1.4592277463319,0.0120946109296,-0.039250750894218,0.27660629311299,0.31346193919175,-1.2643634425873,-0.53167732145812,0.06703851465694,0.082587032804347,0.21418897057568,
1.1792441431962,-1.062811223434,2.6549537065456,0.23442561891914,-0.064142695793889,0.42215907217136,0.22143590380043,-0.29233557390776,-1.4545207810209,0.010303520578675,-0.039213263227244,0.27670170967028,0.41147956247253,-1.1880748113453,-0.6165324486814,0.055465815818919,0.078959088559824,0.20994487315368,
1.1254781407129,-0.95269172719195,2.5831940319424,0.23646970228083,-0.064392856116533,0.415007046644,0.19760560614453,-0.37943493356871,-1.4456221421709,0.0086664502012113,-0.03967858628379,0.27663184957806,0.42414414503652,-1.2391424340864,-0.53416396158339,0.042980928022211,0.075251064453347,0.20668107861868,
1.1117639100702,-1.1301247951623,2.6706646361525,0.23758935838133,-0.065247103033075,0.40882530625869,0.16629441740001,-0.30919258711538,-1.4379496455424,0.0071200346072354,-0.040071588304795,0.27671320129272,0.44794960584974,-1.2505627973758,-0.44477377583577,0.033057228526742,0.066001984228375,0.19928306873572,
1.1583232659945,-1.2104779710313,2.7522366059624,0.22657956635313,-0.058826252919244,0.41789228686547,0.19198483083957,-0.36647573024411,-1.4358410316527,0.005379994109629,-0.040516819683887,0.27684078503064,0.54527008347613,-1.1315462758658,-0.52393278637403,0.021263407031458,0.060497439493262,0.19585382859236,
1.1162735856739,-1.30624449345,2.6724913440055,0.22299391272288,-0.056502486118837,0.42002798622272,0.15091159045218,-0.34036873772962,-1.427759815685,0.0039401259883867,-0.041378172710003,0.27678307214483,0.64018197021629,-1.2195878655333,-0.43696572262064,0.0089914266348054,0.055965840982009,0.1939636475613,
1.0891803742076,-1.3720267770509,2.6342490326134,0.22943698672588,-0.062242922597899,0.41063099446948,0.17090363067189,-0.32306654860808,-1.4294791268305,0.0030350330662852,-0.042421161627174,0.27662117506554,0.75527294873931,-1.0416874094047,-0.52145216267736,-0.0025589357880397,0.049678043196211,0.19147833486245,
1.1571976088484,-1.3659366449829,2.6041195728967,0.23160262027175,-0.066377426050281,0.40439145456909,0.2151983284327,-0.34925358673476,-1.4279921007426,0.002664331318883,-0.043182641318375,0.27668521066179,0.75564051155031,-1.0393457166676,-0.43564698006712,-0.013998882584175,0.043756003620589,0.19052375918288,
1.0904262851645,-1.3534086734202,2.5928599220129,0.23260644440998,-0.06938779188828,0.39927861973277,0.23376449174984,-0.31444596869821,-1.4275791796754,0.0026073401416389,-0.044318596097905,0.27656634310109,0.84580541539226,-0.98795762852633,-0.52087276303128,-0.023690177328177,0.03721209600107,0.18930227444495,
1.0702318452071,-1.4160425302834,2.5518282281858,0.23338481187434,-0.073387054837401,0.39447313695005,0.21709061657487,-0.31060996481469,-1.4245058835975,0.0033194752811222,-0.045470422720953,0.2763506406436,0.90618067448553,-1.0298822134499,-0.43680317906886,-0.032970285215362,0.031043136518309,0.18925264649248,
1.0242909341602,-1.2817612247137,2.5408301813195,0.2342873617204,-0.078535181532977,0.38963673130917,0.21663753290048,-0.32990556807957,-1.4208451156829,0.0040994653345696,-0.047263139356268,0.2756193317941,1.008316803336,-0.91982483137381,-0.51734205056417,-0.040600776780137,0.024283896386972,0.1888819796385,
0.97738566410314,-1.2794327741997,2.4567361013265,0.2357833376312,-0.085182885007723,0.38416517766055,0.25841242748472,-0.36915225412059,-1.4176900751102,0.0052411665798284,-0.049289629027063,0.27477116001012,1.0340560187521,-1.1618494313964,-0.4306073358443,-0.047567657745573,0.018446330473416,0.18969436977291,
0.92015704387584,-1.3642579946119,2.3691646181285,0.24017580152335,-0.096247901078924,0.37184261039105,0.26986676085267,-0.40259310643499,-1.4055364584541,0.0065547006295319,-0.051371948002132,0.27389094831055,1.0783376463819,-1.1140973651991,-0.51457426430399,-0.052693355661134,0.012309127265772,0.18996461063581,
0.85075578817448,-1.3135397483151,2.2803104700391,0.24342641544081,-0.10799000507265,0.35903681223708,0.33189169542441,-0.45080729017618,-1.402173824639,0.0080499887935435,-0.052826169626147,0.27345622280365,1.1051819902635,-1.223302377492,-0.60080827486785,-0.062072266102178,0.009322869311953,0.19490888409439,
0.80612020375423,-1.2591792618521,2.187640369196,0.2454692598742,-0.11999578711153,0.34639308255968,0.30306244199181,-0.44760210285901,-1.4005604858196,0.0098126908079364,-0.053582639121992,0.27351913166181,1.0954658683913,-1.2984294698482,-0.51656014394582,-0.066555237359013,0.0044544147517264,0.19679651093485,
0.78237273572502,-1.2424474256603,2.1017846762886,0.24640468570042,-0.13220505268168,0.33403692558076,0.30753054901258,-0.41780451969439,-1.4049887804739,0.012054434117503,-0.054101183170644,0.27346354831963,1.1082823782837,-1.2787576553323,-0.60269820192518,-0.069992683162339,-0.00018222547712311,0.1975797469086,
0.78366934077666,-1.1675586451196,2.0103687299435,0.2462636079611,-0.14436778606731,0.322120264808,0.33395909880905,-0.44729793039965,-1.4026658709047,0.014181345942789,-0.054835102310036,0.27348657211699,1.1256110853179,-1.2199509110044,-0.68976605554804,-0.07777722183753,-0.0022213424810269,0.20351639716271,
0.70531996937389,-1.1083496900908,1.9216224762799,0.24522843673915,-0.1563327343092,0.31052604782685,0.32328255330685,-0.48368734173738,-1.4001436592255,0.016297719518731,-0.055464044743889,0.27345971460541,1.142508171169,-1.284508896662,-0.60568539642147,-0.080816453658682,-0.0061831928857901,0.2054713306837,
0.69388920271883,-1.1086003905154,1.8365063303958,0.24331408139587,-0.16797355437347,0.29928740861277,0.36301406759957,-0.4891611610896,-1.4006544420678,0.018512454267272,-0.05555834751252,0.27346004849738,1.0989386904817,-1.2661403209496,-0.51745345315621,-0.078428995708453,-0.012109114690222,0.20158866802847,
0.62803672858067,-1.127949343775,1.7464654675824,0.24056641715175,-0.17918879351609,0.28834308161945,0.33757876982226,-0.50688654694335,-1.4011670127007,0.020813632791397,-0.05586105993374,0.27323321751213,1.1168558920122,-1.2397295429849,-0.60173845464997,-0.07942619462142,-0.015295200626888,0.20097939779655,
0.61485262468235,-1.0774497570172,1.6558292991358,0.23703559414722,-0.18973064569434,0.27738456215698,0.34246142269228,-0.47164663384473,-1.4034395360902,0.023036796353379,-0.055845941541984,0.27300103038727,1.1278952476678,-1.1677086228086,-0.68780659566685,-0.085037274972831,-0.015728925389055,0.20581511195725,
0.58286896241452,-1.0906063668713,1.5652638728736,0.23291252286593,-0.19944154104649,0.26655240799877,0.41253546069293,-0.37599976889327,-1.4039518017826,0.025327568011321,-0.055286465758032,0.27283721994421,1.0858377155646,-1.3003809888787,-0.60259399873515,-0.086186439951865,-0.018029901411963,0.20695747235233,
0.58526591806131,-1.0785059752946,1.4784288085408,0.22845296964957,-0.20809188381248,0.25543505691567,0.38806199528262,-0.3232468275813,-1.4075851017385,0.027739423524376,-0.054557593874356,0.27269073208685,1.0873597906689,-1.253567878425,-0.6823187772647,-0.085925756968481,-0.020213930439009,0.20644900686964,
0.57801516156,-1.1597954796113,1.4014643226665,0.22375985835461,-0.21529451553372,0.24451711828319,0.37303943696894,-0.28419081158736,-1.409029161639,0.029886419615148,-0.054646602270519,0.27214250810476,1.0602879559127,-1.3519646678922,-0.59729770928324,-0.085990338015521,-0.021706324028363,0.20697624471883,
0.5479977055292,-1.1682718564634,1.3448938936388,0.21906875040757,-0.22073093907144,0.23600710983986,0.42772993036716,-0.25632637447912,-1.4195071776745,0.032005717214167,-0.054449454742071,0.2718701045942,1.0566073673665,-1.2457342371023,-0.67973884244716,-0.085113057964361,-0.02308364885484,0.20635733817279,
0.56377389148224,-1.0610655649717,1.2994127963617,0.21472043338492,-0.22464357645671,0.22981298940819,0.43974324301195,-0.17797970683061,-1.421594372847,0.033901786258225,-0.053990492446614,0.27199290554282,1.014423780757,-1.3161123292751,-0.59393116763436,-0.084419654955882,-0.023936744137823,0.20657992122964,
0.50479343943153,-1.1434442847269,1.2656469539072,0.21094102736151,-0.22733941198843,0.22521549602586,0.4160977888837,-0.17454510110842,-1.4265455591241,0.035827797039387,-0.054404360161615,0.2716554078845,0.96563212279894,-1.3444114482064,-0.50665682307765,-0.078664882114061,-0.027170158506167,0.2014243997939,
0.50912247779844,-1.1330980699108,1.2437305187703,0.20789036872399,-0.22889513960965,0.22183545598009,0.42520482652837,-0.09205376675575,-1.4356046027325,0.037815119294111,-0.055290547962428,0.27125211716467,0.98621943373211,-1.324733112317,-0.4192806044856,-0.071643862428986,-0.029735268264443,0.19590530209801,
0.49105786103302,-1.0724978223692,1.2304799014331,0.20576709370642,-0.22956501618731,0.21969103746678,0.47207594095449,-0.090619081151432,-1.4439764618905,0.03936288807268,-0.056139989450463,0.2712617747618,1.0076616788121,-1.3481320710988,-0.50333244200595,-0.068502705124123,-0.029644473034722,0.19382032458648,
0.45168618006158,-1.1062959316025,1.2184740299516,0.20463823458186,-0.22972675374128,0.21824332423298,0.50211318303434,-0.025037895816317,-1.4455555046199,0.040592408901462,-0.057231956538272,0.27136976411285,1.0273445036426,-1.3442404862944,-0.41643777305076,-0.066039148303709,-0.029509587437454,0.19280593349111,
0.46992864559665,-1.1332761080722,1.2156002523477,0.20457571043073,-0.22925836829489,0.21703338686727,0.49356653705833,-0.088934935155307,-1.4477730103181,0.041890609319893,-0.05850037915716,0.27167409269335,1.0031402899085,-1.2211202030945,-0.50431737000112,-0.063089695273225,-0.030157897778582,0.1915051546104,
0.48738230152223,-1.0758246922863,1.2147776767623,0.20534206763091,-0.22849681767531,0.21664289601712,0.51966386668977,-0.032745768433053,-1.4519869682475,0.043189125422875,-0.059909611524374,0.27211544673968,0.95971473421787,-1.2761432508895,-0.4225090527444,-0.060673979879849,-0.030469530790062,0.19115250286389,
0.49140796643921,-1.1722241263119,1.2145785307185,0.20699579611688,-0.22745245549977,0.21656707176539,0.45760266918221,-0.045160608552122,-1.4546411644929,0.044201421150793,-0.06166479561424,0.27272396325634,0.98147416114759,-1.1198491973863,-0.50513216136743,-0.057178892877657,-0.030719642134167,0.18999176459645,
0.51151934130215,-1.153219216403,1.2271711327435,0.20926845456762,-0.22591147967992,0.21685894251311,0.45205118191293,0.0070370518613707,-1.4602570327989,0.045307412853832,-0.063524768926884,0.27355592027768,0.97590755334667,-1.2098477365158,-0.42023027694344,-0.054173867420991,-0.030587565894699,0.18959073453499,
0.49773346299593,-1.1218118643971,1.2343680985961,0.21190231623428,-0.22388486001963,0.21768275896379,0.47873299967561,-0.019132744590669,-1.46681669479,0.046662302622808,-0.065694423925284,0.27434207664415,0.9933983831166,-1.0880387020622,-0.50569312563324,-0.050560674225232,-0.03113096015125,0.18855078518285,

